time,longitude,latitude,temperature_K,relative_humidity,critical_relative_humidity,SAC,ISSR,PCR,air_pressure_Pa,rh_recomputed,rhi,leg_km
2022-03-01 00:00:00,-10.0,45.0,211.47719,0.6069942789823177,0.0,1.0,1.0,1.0,22631.70090992698,0.6069942789823177,1.057954685043981,16.04181659111364
2022-03-01 00:03:00,-9.833333333333334,45.083333333333336,211.37134,0.60483497780378,0.0,1.0,1.0,1.0,22631.70090992698,0.60483497780378,1.0548916586262438,16.026239401922815
2022-03-01 00:06:00,-9.666666666666666,45.166666666666664,211.22755,0.6085790445814014,0.0,1.0,1.0,1.0,22631.70090992698,0.6085790445814014,1.0623775072929065,16.010647255307088
2022-03-01 00:09:00,-9.5,45.25,211.07892,0.6150100382870527,0.0,1.0,1.0,1.0,22631.70090992698,0.6150100382870527,1.0746041314268033,15.995040239648958
2022-03-01 00:12:00,-9.333333333333334,45.333333333333336,211.05247,0.6105271213072799,0.0,1.0,1.0,1.0,22631.70090992698,0.6105271213072799,1.0669435159397591,15.979418443636371
2022-03-01 00:15:00,-9.166666666666666,45.416666666666664,210.96288,0.6186857471415977,0.0,1.0,1.0,1.0,22631.70090992698,0.6186857471415977,1.0818056537067349,15.963781956256812
2022-03-01 00:18:00,-9.0,45.5,210.87436,0.6287406901809709,0.0,1.0,1.0,1.0,22631.70090992698,0.6287406901809709,1.099996051576641,15.948130866802384
2022-03-01 00:21:00,-8.833333333333334,45.583333333333336,210.87099,0.6206824724799518,0.0,1.0,1.0,1.0,22631.70090992698,0.6206824724799518,1.085917722434479,15.9324652648672
2022-03-01 00:24:00,-8.666666666666666,45.666666666666664,210.80992,0.6205073139805284,0.0,1.0,1.0,1.0,22631.70090992698,0.6205073139805284,1.0860258564547167,15.91678524035465
2022-03-01 00:27:00,-8.5,45.75,210.73721,0.625182354053038,0.0,1.0,1.0,1.0,22631.70090992698,0.625182354053038,1.0947029219363744,15.901090883472191
2022-03-01 00:30:00,-8.333333333333334,45.833333333333336,210.64383,0.635818651871554,0.0,1.0,1.0,1.0,22631.70090992698,0.635818651871554,1.113976220053351,15.885382284734334
2022-03-01 00:33:00,-8.166666666666666,45.916666666666664,210.53851,0.6456036848423309,0.0,1.0,1.0,1.0,22631.70090992698,0.6456036848423309,1.1318521075634849,15.869659534969
2022-03-01 00:36:00,-8.0,46.0,210.43454,0.6523537562239101,0.0,1.0,1.0,1.0,22631.70090992698,0.6523537562239101,1.144425111593323,15.85392272530922
2022-03-01 00:39:00,-7.833333333333334,46.083333333333336,210.3303,0.6616383677749064,0.0,1.0,1.0,1.0,22631.70090992698,0.6616383677749064,1.1614543079477087,15.838171947203803
2022-03-01 00:42:00,-7.666666666666667,46.166666666666664,210.21458,0.6735516589098528,0.0,1.0,1.0,1.0,22631.70090992698,0.6735516589098528,1.183212139595788,15.822407292412535
2022-03-01 00:45:00,-7.5,46.25,210.1048,0.6857509707137593,0.0,1.0,1.0,1.0,22631.70090992698,0.6857509707137593,1.205456759988009,15.806628853009611
2022-03-01 00:48:00,-7.333333333333334,46.333333333333336,210.17552,0.6692294973193027,0.0,1.0,1.0,1.0,22631.70090992698,0.6692294973193027,1.1759045899654323,15.790836721383581
2022-03-01 00:51:00,-7.166666666666667,46.416666666666664,210.29512,0.6383172241504069,0.0,1.0,1.0,1.0,22631.70090992698,0.6383172241504069,1.1207617973486854,15.775030990242747
2022-03-01 00:54:00,-7.0,46.5,210.48181,0.5920916390114478,0.0,1.0,1.0,1.0,22631.70090992698,0.5920916390114478,1.0384020609219984,15.75921175260853
2022-03-01 00:57:00,-6.833333333333334,46.583333333333336,210.81558,0.5217644115020544,0.0,1.0,0.0,0.0,22631.70090992698,0.5217644115020544,0.9131722168058644,15.743379101825559
2022-03-01 01:00:00,-6.666666666666667,46.666666666666664,211.0687,0.47305718535565516,0.0,1.0,0.0,0.0,22631.70090992698,0.47305718535565516,0.8266228744443939,15.727533131556653
2022-03-01 01:03:00,-6.5,46.75,211.21594,0.45426962017943284,0.0,1.0,0.0,0.0,22631.70090992698,0.45426962017943284,0.7930629071382954,15.711673935787404
2022-03-01 01:06:00,-6.333333333333334,46.833333333333336,211.29507,0.45226881292900584,0.0,1.0,0.0,0.0,22631.70090992698,0.45226881292900584,0.789178083483882,15.695801608824082
2022-03-01 01:09:00,-6.166666666666667,46.916666666666664,211.34991,0.4573924301657929,0.0,1.0,0.0,0.0,22631.70090992698,0.4573924301657929,0.7978446277197758,15.67991624530161
2022-03-01 01:12:00,-6.0,47.0,211.39111,0.4666940137785725,0.0,1.0,0.0,0.0,22631.70090992698,0.4666940137785725,0.8138585242588566,15.664017940174855
2022-03-01 01:15:00,-5.833333333333334,47.083333333333336,211.38965,0.4842369309534125,0.0,1.0,0.0,0.0,22631.70090992698,0.4842369309534125,0.8444618517755554,15.648106788729946
2022-03-01 01:18:00,-5.666666666666667,47.166666666666664,211.37195,0.5022811926752578,0.0,1.0,0.0,0.0,22631.70090992698,0.5022811926752578,0.876024376403919,15.632182886578912
2022-03-01 01:21:00,-5.5,47.25,211.37315,0.514572620123105,0.0,1.0,0.0,0.0,22631.70090992698,0.514572620123105,0.8974557403724581,15.616246329664106
2022-03-01 01:24:00,-5.333333333333334,47.333333333333336,211.3669,0.5234003885229184,0.0,1.0,0.0,0.0,22631.70090992698,0.5234003885229184,0.9128865680212568,15.600297214256846
2022-03-01 01:27:00,-5.166666666666667,47.416666666666664,211.38971,0.5251723417513676,0.0,1.0,0.0,0.0,22631.70090992698,0.5251723417513676,0.9158483262203887,15.584335636964564
2022-03-01 01:30:00,-5.0,47.5,211.45677,0.5188670776343436,0.0,1.0,0.0,0.0,22631.70090992698,0.5188670776343436,0.9044704833031342,15.568361694722494
2022-03-01 01:33:00,-4.833333333333334,47.583333333333336,211.4622,0.5245431283691038,0.0,1.0,0.0,0.0,22631.70090992698,0.5245431283691038,0.9143335494914926,15.552375484805516
2022-03-01 01:36:00,-4.666666666666667,47.666666666666664,211.47177,0.5228243456919441,0.0,1.0,0.0,0.0,22631.70090992698,0.5228243456919441,0.9112825887692019,15.536377104821916
2022-03-01 01:39:00,-4.5,47.75,211.44847,0.5185652534721064,0.0,1.0,0.0,0.0,22631.70090992698,0.5185652534721064,0.9039911531072268,15.520366652718593
2022-03-01 01:42:00,-4.333333333333334,47.833333333333336,211.26208,0.5270963667682795,0.0,1.0,0.0,0.0,22631.70090992698,0.5270963667682795,0.9199380344581312,15.504344226779168
2022-03-01 01:45:00,-4.166666666666667,47.916666666666664,211.06519,0.5349042126443192,0.0,1.0,0.0,0.0,22631.70090992698,0.5349042126443192,0.9347161431784154,15.48830992563197
2022-03-01 01:48:00,-4.0,48.0,210.79932,0.5502568986032846,0.0,1.0,0.0,0.0,22631.70090992698,0.5502568986032846,0.9631367674303565,15.472263848240798
2022-03-01 01:51:00,-3.833333333333334,48.083333333333336,210.5478,0.5559460965919173,0.0,1.0,0.0,0.0,22631.70090992698,0.5559460965919173,0.9746131038027955,15.456206093916872
2022-03-01 01:54:00,-3.666666666666667,48.166666666666664,210.30756,0.5607113159353674,0.0,1.0,0.0,0.0,22631.70090992698,0.5607113159353674,0.9844241051303333,15.440136762315563
2022-03-01 01:57:00,-3.5,48.25,210.07678,0.5642283321695692,0.0,1.0,0.0,0.0,22631.70090992698,0.5642283321695692,0.9920074461493157,15.42405595343395
2022-03-01 02:00:00,-3.333333333333334,48.333333333333336,209.97014,0.5629598151241424,0.0,1.0,0.0,0.0,22631.70090992698,0.5629598151241424,0.9904216639176292,15.407963767620751
2022-03-01 02:03:00,-3.166666666666667,48.416666666666664,209.8944,0.5612847755172659,0.0,1.0,0.0,0.0,22631.70090992698,0.5612847755172659,0.9879323145070678,15.39186030557078
2022-03-01 02:06:00,-3.0,48.5,209.81268,0.5627285954436263,0.0,1.0,0.0,0.0,22631.70090992698,0.5627285954436263,0.9909732155636228,15.37574566832969
2022-03-01 02:09:00,-2.833333333333334,48.583333333333336,209.77826,0.5627376155042865,0.0,1.0,0.0,0.0,22631.70090992698,0.5627376155042865,0.991195935467364,15.359619957292376
2022-03-01 02:12:00,-2.666666666666667,48.666666666666664,209.73376,0.5627813654374031,0.0,1.0,0.0,0.0,22631.70090992698,0.5627813654374031,0.9915421703326374,15.343483274211035
2022-03-01 02:15:00,-2.5,48.75,209.693,0.5611432859583654,0.0,1.0,0.0,0.0,22631.70090992698,0.5611432859583654,0.9889013324091906,15.32733572118601
2022-03-01 02:18:00,-2.333333333333334,48.833333333333336,209.64767,0.5556180148467968,0.0,1.0,0.0,0.0,22631.70090992698,0.5556180148467968,0.9794375428379403,15.311177400678263
2022-03-01 02:21:00,-2.166666666666667,48.916666666666664,209.6046,0.5510066967593426,0.0,1.0,0.0,0.0,22631.70090992698,0.5510066967593426,0.9715621304784441,15.295008415503185
2022-03-01 02:24:00,-2.0,49.0,209.56125,0.5488206189854836,0.0,1.0,0.0,0.0,22631.70090992698,0.5488206189854836,0.9679602879602602,15.278828868835825
2022-03-01 02:27:00,-1.833333333333334,49.083333333333336,209.50365,0.551427382040336,0.0,1.0,0.0,0.0,22631.70090992698,0.551427382040336,0.9728985456686103,15.262638864209041
2022-03-01 02:30:00,-1.6666666666666679,49.166666666666664,209.4765,0.5520927598353351,0.0,1.0,0.0,0.0,22631.70090992698,0.5520927598353351,0.9742344928881768,15.246438505521748
2022-03-01 02:33:00,-1.5,49.25,209.47424,0.550581644066502,0.0,1.0,0.0,0.0,22631.70090992698,0.550581644066502,0.9715824681162901,15.230227897029447
2022-03-01 02:36:00,-1.333333333333334,49.333333333333336,209.47644,0.5470602773232613,0.0,1.0,0.0,0.0,22631.70090992698,0.5470602773232613,0.9653581461809808,15.21400714335725
2022-03-01 02:39:00,-1.1666666666666679,49.416666666666664,209.51125,0.5395747919109575,0.0,1.0,0.0,0.0,22631.70090992698,0.5395747919109575,0.9519454704331871,15.19777634949368
2022-03-01 02:42:00,-1.0,49.5,209.54878,0.5318166366593989,0.0,1.0,0.0,0.0,22631.70090992698,0.5318166366593989,0.9380443461479172,15.18153562079515
2022-03-01 02:45:00,-0.8333333333333339,49.583333333333336,209.63548,0.5236793762540876,0.0,1.0,0.0,0.0,22631.70090992698,0.5236793762540876,0.9232037803161767,15.165285062985307
2022-03-01 02:48:00,-0.6666666666666679,49.666666666666664,209.71964,0.5210165207316572,0.0,1.0,0.0,0.0,22631.70090992698,0.5210165207316572,0.9180394658074142,15.149024782162563
2022-03-01 02:51:00,-0.5,49.75,209.84134,0.5200027622334249,0.0,1.0,0.0,0.0,22631.70090992698,0.5200027622334249,0.9155717292122271,15.132754884790808
2022-03-01 02:54:00,-0.3333333333333339,49.833333333333336,210.01094,0.5133716709436229,0.0,1.0,0.0,0.0,22631.70090992698,0.5133716709436229,0.9029577361396052,15.11647547771262
2022-03-01 02:57:00,-0.16666666666666785,49.916666666666664,210.18347,0.5025174258097058,0.0,1.0,0.0,0.0,22631.70090992698,0.5025174258097058,0.8829318123431936,15.10018666814297
2022-03-01 03:00:00,0.0,50.0,,,,,,,22631.70090992698,,,15.083888563673769
2022-03-01 03:03:00,0.16666666666666607,50.083333333333336,,,,,,,22631.70090992698,,,15.067581272273275
2022-03-01 03:06:00,0.33333333333333215,50.166666666666664,,,,,,,22631.70090992698,,,15.051264902293681
2022-03-01 03:09:00,0.5,50.25,,,,,,,22631.70090992698,,,15.03493956246178
2022-03-01 03:12:00,0.6666666666666661,50.333333333333336,,,,,,,22631.70090992698,,,15.018605361891867
2022-03-01 03:15:00,0.8333333333333321,50.416666666666664,,,,,,,22631.70090992698,,,15.002262410082047
2022-03-01 03:18:00,1.0,50.5,,,,,,,22631.70090992698,,,14.985910816911874
2022-03-01 03:21:00,1.166666666666666,50.583333333333336,,,,,,,22631.70090992698,,,14.969550692653076
2022-03-01 03:24:00,1.3333333333333321,50.666666666666664,,,,,,,22631.70090992698,,,14.953182147963787
2022-03-01 03:27:00,1.5,50.75,,,,,,,22631.70090992698,,,14.936805293893013
2022-03-01 03:30:00,1.666666666666666,50.833333333333336,,,,,,,22631.70090992698,,,14.920420241880244
2022-03-01 03:33:00,1.8333333333333321,50.916666666666664,,,,,,,22631.70090992698,,,14.904027103763054
2022-03-01 03:36:00,2.0,51.0,,,,,,,22631.70090992698,,,14.887625991767706
2022-03-01 03:39:00,2.166666666666666,51.083333333333336,,,,,,,22631.70090992698,,,14.871217018522785
2022-03-01 03:42:00,2.333333333333332,51.166666666666664,,,,,,,22631.70090992698,,,14.854800297052638
2022-03-01 03:45:00,2.5,51.25,,,,,,,22631.70090992698,,,14.838375940782425
2022-03-01 03:48:00,2.666666666666666,51.333333333333336,,,,,,,22631.70090992698,,,14.821944063537106
2022-03-01 03:51:00,2.833333333333332,51.416666666666664,,,,,,,22631.70090992698,,,14.805504779549688
2022-03-01 03:54:00,3.0,51.5,,,,,,,22631.70090992698,,,14.789058203451471
2022-03-01 03:57:00,3.166666666666666,51.583333333333336,,,,,,,22631.70090992698,,,14.77260445028586
2022-03-01 04:00:00,3.333333333333332,51.666666666666664,,,,,,,22631.70090992698,,,14.75614363550192
2022-03-01 04:03:00,3.5,51.75,,,,,,,22631.70090992698,,,14.739675874959179
2022-03-01 04:06:00,3.666666666666666,51.833333333333336,,,,,,,22631.70090992698,,,14.723201284926997
2022-03-01 04:09:00,3.833333333333332,51.916666666666664,,,,,,,22631.70090992698,,,14.706719982092709
2022-03-01 04:12:00,4.0,52.0,,,,,,,22631.70090992698,,,14.690232083551766
2022-03-01 04:15:00,4.166666666666666,52.083333333333336,,,,,,,22631.70090992698,,,14.673737706821713
2022-03-01 04:18:00,4.333333333333332,52.166666666666664,,,,,,,22631.70090992698,,,14.65723696983594
2022-03-01 04:21:00,4.5,52.25,,,,,,,22631.70090992698,,,14.64072999094815
2022-03-01 04:24:00,4.666666666666666,52.333333333333336,,,,,,,22631.70090992698,,,14.624216888932043
2022-03-01 04:27:00,4.833333333333332,52.416666666666664,,,,,,,22631.70090992698,,,14.60769778298942
2022-03-01 04:30:00,5.0,52.5,,,,,,,22631.70090992698,,,14.59117279274032
2022-03-01 04:33:00,5.166666666666666,52.583333333333336,,,,,,,22631.70090992698,,,14.57464203823665
2022-03-01 04:36:00,5.333333333333332,52.666666666666664,,,,,,,22631.70090992698,,,14.55810563995843
2022-03-01 04:39:00,5.5,52.75,,,,,,,22631.70090992698,,,14.5415637188117
2022-03-01 04:42:00,5.666666666666666,52.833333333333336,,,,,,,22631.70090992698,,,14.525016396139137
2022-03-01 04:45:00,5.833333333333332,52.916666666666664,,,,,,,22631.70090992698,,,14.508463793714698
2022-03-01 04:48:00,6.0,53.0,,,,,,,22631.70090992698,,,14.491906033747721
2022-03-01 04:51:00,6.166666666666664,53.08333333333333,,,,,,,22631.70090992698,,,14.475343238885712
2022-03-01 04:54:00,6.333333333333332,53.166666666666664,,,,,,,22631.70090992698,,,14.458775532214155
2022-03-01 04:57:00,6.5,53.25,,,,,,,22631.70090992698,,,14.442203037257467
2022-03-01 05:00:00,6.666666666666664,53.33333333333333,209.87845,0.5706725689437442,0.0,1.0,1.0,1.0,22631.70090992698,0.5706725689437442,1.0045564433403353,14.42562587798801
2022-03-01 05:03:00,6.833333333333332,53.416666666666664,209.92873,0.5588225223000777,0.0,1.0,0.0,0.0,22631.70090992698,0.5588225223000777,0.9833939515628974,14.409044178814682
2022-03-01 05:06:00,7.0,53.5,210.04012,0.5380877998736873,0.0,1.0,0.0,0.0,22631.70090992698,0.5380877998736873,0.9462588092833614,14.392458064597887
2022-03-01 05:09:00,7.166666666666664,53.58333333333333,210.13739,0.5176066913781814,0.0,1.0,0.0,0.0,22631.70090992698,0.5176066913781814,0.9097013511897278,14.37586766064385
2022-03-01 05:12:00,7.333333333333332,53.666666666666664,210.2365,0.4969978887678415,0.0,1.0,0.0,0.0,22631.70090992698,0.4969978887678415,0.8729466127731593,14.359273092708065
2022-03-01 05:15:00,7.5,53.75,210.36186,0.47515553059024324,0.0,1.0,0.0,0.0,22631.70090992698,0.47515553059024324,0.8339392716232557,14.34267448699575
2022-03-01 05:18:00,7.666666666666664,53.83333333333333,210.42554,0.4577793075363904,0.0,1.0,0.0,0.0,22631.70090992698,0.4577793075363904,0.8031259315787455,14.326071970170103
2022-03-01 05:21:00,7.833333333333332,53.916666666666664,210.49927,0.44233093475927526,0.0,1.0,0.0,0.0,22631.70090992698,0.44233093475927526,0.7756676876236587,14.309465669342067
2022-03-01 05:24:00,8.0,54.0,210.594,0.4264573475488896,0.0,1.0,0.0,0.0,22631.70090992698,0.4264573475488896,0.7473970161410097,14.292855712084556
2022-03-01 05:27:00,8.166666666666664,54.08333333333333,210.55397,0.4201818112123978,0.0,1.0,0.0,0.0,22631.70090992698,0.4201818112123978,0.7365788708528508,14.276242226427026
2022-03-01 05:30:00,8.333333333333332,54.166666666666664,210.56381,0.40989827996869477,0.0,1.0,0.0,0.0,22631.70090992698,0.40989827996869477,0.718510812202065,14.259625340859046
2022-03-01 05:33:00,8.5,54.25,210.57558,0.39852710637179967,0.0,1.0,0.0,0.0,22631.70090992698,0.39852710637179967,0.6985248781364158,14.243005184330231
2022-03-01 05:36:00,8.666666666666664,54.33333333333333,210.47713,0.39495093454392527,0.0,1.0,0.0,0.0,22631.70090992698,0.39495093454392527,0.69267905146695,14.226381886259807
2022-03-01 05:39:00,8.833333333333332,54.416666666666664,210.39503,0.3907276340340456,0.0,1.0,0.0,0.0,22631.70090992698,0.3907276340340456,0.685620384161902,14.20975557652469
2022-03-01 05:42:00,9.0,54.5,210.36617,0.38148256136519654,0.0,1.0,0.0,0.0,22631.70090992698,0.38148256136519654,0.6695153990187466,14.19312638547461
2022-03-01 05:45:00,9.166666666666664,54.58333333333333,210.2579,0.38368514787478064,0.0,1.0,0.0,0.0,22631.70090992698,0.38368514787478064,0.673831937573581,14.17649444392885
2022-03-01 05:48:00,9.333333333333332,54.666666666666664,210.17143,0.38442674785902986,0.0,1.0,0.0,0.0,22631.70090992698,0.38442674785902986,0.6754919930531323,14.159859883173105
2022-03-01 05:51:00,9.5,54.75,210.10136,0.3803651363952443,0.0,1.0,0.0,0.0,22631.70090992698,0.3803651363952443,0.668643437676403,14.143222834968613
2022-03-01 05:54:00,9.666666666666664,54.83333333333333,210.0213,0.3873296184583771,0.0,1.0,0.0,0.0,22631.70090992698,0.3873296184583771,0.6812205629025637,14.126583431554367
2022-03-01 05:57:00,9.833333333333332,54.916666666666664,209.95644,0.39244908778992216,0.0,1.0,0.0,0.0,22631.70090992698,0.39244908778992216,0.6904997158625032,14.10994180564078
2022-03-01 06:00:00,10.0,55.0,209.89474,0.3942358710788736,0.0,1.0,0.0,0.0,22631.70090992698,0.3942358710788736,0.6939045912519755,0.0
