ceiling_FL,lambda,rule,route,fuel_kg,pcr_base_km,pcr_worst_km,pcr_mean_km,max_regret_kg,extra_fuel_vs_det_kg
380,0.1,deterministic,GC0_FL380,5060.662150943705,0.0,0.0,0.0,0.0,0.0
380,0.1,worst_case,GC0_FL380,5060.662150943705,0.0,0.0,0.0,0.0,0.0
380,0.1,min_regret,GC0_FL380,5060.662150943705,0.0,0.0,0.0,0.0,0.0
380,1.0,deterministic,GC0_FL380,5060.662150943705,0.0,0.0,0.0,0.0,0.0
380,1.0,worst_case,GC0_FL380,5060.662150943705,0.0,0.0,0.0,0.0,0.0
380,1.0,min_regret,GC0_FL380,5060.662150943705,0.0,0.0,0.0,0.0,0.0
380,10.0,deterministic,GC0_FL380,5060.662150943705,0.0,0.0,0.0,0.0,0.0
380,10.0,worst_case,GC0_FL380,5060.662150943705,0.0,0.0,0.0,0.0,0.0
380,10.0,min_regret,GC0_FL380,5060.662150943705,0.0,0.0,0.0,0.0,0.0
360,0.1,deterministic,GC0_FL360,5130.345831114937,400.20014040337315,1062.600060179698,614.1001499485857,0.0,0.0
360,0.1,worst_case,GC0_FL360,5130.345831114937,400.20014040337315,1062.600060179698,614.1001499485857,0.0,0.0
360,0.1,min_regret,GC0_FL360,5130.345831114937,400.20014040337315,1062.600060179698,614.1001499485857,0.0,0.0
360,1.0,deterministic,NW150_FL360,5202.942787298631,69.00006138270282,427.80001498342244,184.00003937301565,0.0,0.0
360,1.0,worst_case,NW150_FL360,5202.942787298631,69.00006138270282,427.80001498342244,184.00003937301565,0.0,0.0
360,1.0,min_regret,NW150_FL360,5202.942787298631,69.00006138270282,427.80001498342244,184.00003937301565,0.0,0.0
360,10.0,deterministic,NW300_FL360,5431.042717135306,41.40001927172789,262.1998995367246,87.40000226244992,228.100132112565,0.0
360,10.0,worst_case,NW300_FL360,5431.042717135306,41.40001927172789,262.1998995367246,87.40000226244992,228.100132112565,0.0
360,10.0,min_regret,NW300_FL360,5431.042717135306,41.40001927172789,262.1998995367246,87.40000226244992,228.100132112565,0.0
340,0.1,deterministic,GC0_FL340,5178.135746697199,1034.9998656332518,1642.2000011129503,1241.9999606848032,16.636984024572484,0.0
340,0.1,worst_case,NW150_FL340,5260.8587712439385,372.59992480518866,676.1998143411322,434.69991742360816,42.70303838961809,82.72302454673991
340,0.1,min_regret,GC0_FL340,5178.135746697199,1034.9998656332518,1642.2000011129503,1241.9999606848032,16.636984024572484,0.0
340,1.0,deterministic,NW150_FL340,5260.8587712439385,372.59992480518866,676.1998143411322,434.69991742360816,64.01502952901592,0.0
340,1.0,worst_case,NW150_FL340,5260.8587712439385,372.59992480518866,676.1998143411322,434.69991742360816,64.01502952901592,0.0
340,1.0,min_regret,NW150_FL340,5260.8587712439385,372.59992480518866,676.1998143411322,434.69991742360816,64.01502952901592,0.0
340,10.0,deterministic,NW300_FL340,5510.236426264839,275.99987326733134,593.3994618447023,377.19971169742666,865.3926256851837,0.0
340,10.0,worst_case,NW300_FL340,5510.236426264839,275.99987326733134,593.3994618447023,377.19971169742666,865.3926256851837,0.0
340,10.0,min_regret,NW300_FL340,5510.236426264839,275.99987326733134,593.3994618447023,377.19971169742666,865.3926256851837,0.0
