route,base,rhi_x0.95,rhi_x1.03,rhi_x1.05,rhi_x1.11,boost
SE300_FL310,1048.796998079396,565.7983384694512,1324.7956995073614,1435.1951325424145,1504.194831562747,1324.7956995073614
SE150_FL310,1421.3990828631042,814.1997545143244,1462.7989972804992,1490.3989527613512,1531.7988835621825,1462.7989972804992
GC0_FL310,1587.0001515630524,1062.6001923026329,1587.0001515630524,1600.8001228514554,1600.8001228514554,1587.0001515630524
NW150_FL310,786.5992601732299,220.8000865059979,979.7991473875883,1117.7990466100791,1338.5988423328558,979.7991473875883
NW300_FL310,869.3983161484741,496.7993292985167,1034.9980108322063,1076.3978452805973,1159.1976579678021,1034.9980108322063
SE300_FL320,731.3979449572591,234.59959600718062,1048.7966761500154,1172.9961739468229,1462.7951399961735,1048.7966761500154
SE150_FL320,1090.1993882915747,579.5998106611739,1352.39903243133,1407.599005007418,1476.5988713577235,1352.39903243133
GC0_FL320,1173.0001470627399,276.0002970776776,1490.4001847529566,1587.0001274944796,1614.6000882202313,1490.4001847529566
NW150_FL320,331.20007804428667,27.600002194651072,524.3998212884627,717.5995526916627,1145.3990637726029,524.3998212884627
NW300_FL320,565.7994208563714,96.59974588483925,703.7990992792405,786.5989860860814,938.398672639359,703.7990992792405
SE300_FL330,1007.3970513473711,717.5981652866682,1131.5965789122536,1228.1961417361408,1504.1948785078177,1131.5965789122536
SE150_FL330,1310.9990883231453,993.5994703243614,1448.998918691344,1476.5988713577235,1545.5987533262996,1448.998918691344
GC0_FL330,1518.0000259514138,869.4000250334242,1614.6000882202313,1614.6000882202313,1628.400047647437,1614.6000882202313
NW150_FL330,413.9999486864926,207.00007719366326,565.7998634613301,648.599822727085,800.3997022246976,565.7998634613301
NW300_FL330,482.99954871172446,289.79975273508546,551.9994191561306,634.799386033353,731.3994647510204,551.9994191561306
SE300_FL340,814.1978440462282,662.3984469347818,1034.9969319442996,1048.7968318842902,1186.7963280153115,1034.9969319442996
SE150_FL340,1034.9994123776592,731.3997180226917,1255.7990245117833,1407.59889227993,1559.398760207875,1255.7990245117833
GC0_FL340,1034.9998656332518,565.7998949079723,1352.4000142467507,1504.1999739611426,1642.2000011129503,1352.4000142467507
NW150_FL340,372.59992480518866,165.60003333674715,441.5999219052835,510.59988824801354,676.1998143411322,441.5999219052835
NW300_FL340,275.99987326733134,96.5999994223875,413.99965346979656,469.19962871054565,593.3994618447023,413.99965346979656
SE300_FL350,993.5972078388597,814.1978356998579,1021.1970288106681,1021.1970288106681,1048.7968318842902,1021.1970288106681
SE150_FL350,1255.7989481418742,786.5996078401807,1283.3989012316215,1352.3988867693208,1476.5988195027105,1283.3989012316215
GC0_FL350,855.6000186936205,386.4001578251782,1034.9999271651925,1131.6000629932175,1393.8001639218328,1034.9999271651925
NW150_FL350,248.4000362412705,110.40008279034546,372.5999927313906,427.79997182502433,565.7999188311408,372.5999927313906
NW300_FL350,96.5999999763208,69.00004230464404,193.1999526336323,234.59991481726456,358.799894158405,193.1999526336323
SE300_FL360,910.797459485477,772.7979007391224,965.9973595459912,979.7972876249521,1007.3971211879441,965.9973595459912
SE150_FL360,1062.5990471877608,565.7997658554447,1200.5989609156663,1269.598924373698,1297.1988789610116,1200.5989609156663
GC0_FL360,400.20014040337315,276.0001745232036,607.2002295529143,731.4000654794105,1062.600060179698,607.2002295529143
NW150_FL360,69.00006138270282,13.800014615529586,179.40005144702462,234.60004236238984,427.80001498342244,179.40005144702462
NW300_FL360,41.40001927172789,13.800034843118594,55.20002247360805,96.60001497591233,262.1998995367246,55.20002247360805
SE300_FL370,0.0,0.0,0.0,0.0,0.0,0.0
SE150_FL370,0.0,0.0,0.0,0.0,0.0,0.0
GC0_FL370,0.0,0.0,0.0,0.0,0.0,0.0
NW150_FL370,0.0,0.0,0.0,0.0,0.0,0.0
NW300_FL370,0.0,0.0,0.0,0.0,0.0,0.0
SE300_FL380,0.0,0.0,0.0,0.0,0.0,0.0
SE150_FL380,0.0,0.0,0.0,0.0,0.0,0.0
GC0_FL380,0.0,0.0,0.0,0.0,0.0,0.0
NW150_FL380,0.0,0.0,0.0,0.0,0.0,0.0
NW300_FL380,0.0,0.0,0.0,0.0,0.0,0.0
