route,offset_km,flight_level,altitude_m,length_km,duration_min,pcr_km,rhi_max,points_rhi_within_0.05,fuel_kg,pcr_fraction,co2_kg,extra_fuel_kg,extra_fuel_pct,extra_co2_kg,pcr_km_avoided,pareto,extra_fuel_vs_min_kg,pcr_avoided_vs_min_km,marginal_kg_per_km_avoided,ceiling_FL
GC0_FL310,0,310,9448.8,1800.1102504246383,130.44277175,1587.0001515630524,1.1901929862121028,39,5283.575963884543,0.8816127518793284,16690.81646991127,222.9138129408384,4.404834906816883,704.1847350801085,-1587.0001515630524,False,0.0,0.0,,310
SE150_FL310,-150,310,9448.8,1830.3165843910106,132.63173733333332,1421.3990828631042,1.2542109251287632,49,5371.136639200441,0.7765864632298227,16967.420643234193,310.47448825673655,6.135056619000732,980.7889084030307,-1421.3990828631042,False,87.56067531589815,165.6010686999482,0.5287446270926484,310
NW150_FL310,150,310,9448.8,1830.3162089297525,132.63173733333332,786.5992601732299,1.0907993113340495,65,5378.822247220953,0.4297614020657015,16991.69947897099,318.16009627724816,6.286926231934257,1005.0677441398269,-786.5992601732299,False,95.24628333640976,800.4008913898225,0.012107136369296598,310
GC0_FL320,0,320,9753.6,1800.1102504246383,130.44277175,1173.0001470627399,1.0917832754018562,95,5242.809404783669,0.6516268360707541,16562.034909711612,182.14725383996483,3.5992770986697518,575.4031748804489,-1173.0001470627399,False,0.0,0.0,,320
SE150_FL320,-150,320,9753.6,1830.3165843910106,132.63173733333332,1090.1993882915747,1.153507009039215,60,5329.353383308809,0.595634327738067,16835.427337872527,268.69123236510404,5.3094086179018865,848.7956030413636,-1090.1993882915747,False,86.54397852513921,82.80075877116519,1.0452075537655285,320
NW150_FL320,150,320,9753.6,1830.3162089297525,132.63173733333332,331.20007804428667,1.079045712140169,50,5334.843772857019,0.18095238212305975,16852.77147845532,274.1816219133143,5.417900143011628,866.1397436241598,-331.20007804428667,False,92.03436807334947,841.8000690184532,0.007233721393529919,320
GC0_FL330,0,330,10058.4,1800.1102504246383,130.44277175,1518.0000259514138,1.1483754230334897,54,5207.382146749438,0.8432816965479332,16450.120201581474,146.71999580573356,2.899225267949836,463.4884667503123,-1518.0000259514138,False,0.0,0.0,,330
GC0_FL320,0,320,9753.6,1800.1102504246383,130.44277175,1173.0001470627399,1.0917832754018562,95,5242.809404783669,0.6516268360707541,16562.034909711612,182.14725383996483,3.5992770986697518,575.4031748804489,-1173.0001470627399,False,35.42725803423127,344.99987888867395,0.10268774049530346,330
NW150_FL330,150,330,10058.4,1830.3162089297525,132.63173733333332,413.9999486864926,1.131286620174053,32,5294.666134162309,0.22619039631877177,16725.850317818735,234.00398321860484,4.6239795552241745,739.2185829875726,-413.9999486864926,False,87.28398741287128,1104.0000772649212,0.06832241874189061,330
NW150_FL320,150,320,9753.6,1830.3162089297525,132.63173733333332,331.20007804428667,1.079045712140169,50,5334.843772857019,0.18095238212305975,16852.77147845532,274.1816219133143,5.417900143011628,866.1397436241598,-331.20007804428667,False,127.46162610758074,1186.7999479071273,0.48523794038670326,330
GC0_FL340,0,340,10363.2,1800.1102504246383,130.44277175,1034.9998656332518,1.219907994888821,68,5178.135746697199,0.5749647086277632,16357.73082381645,117.47359575349401,2.3213087981300573,371.09908898528755,-1034.9998656332518,False,0.0,0.0,,340
NW150_FL340,150,340,10363.2,1830.3162089297525,132.63173733333332,372.59992480518866,1.219907994888821,25,5260.8587712439385,0.2035713408357239,16619.052858359602,200.19662030023392,3.955937273206463,632.4211235284389,-372.59992480518866,False,82.72302454673991,662.3999408280631,0.12488380425174592,340
NW150_FL320,150,320,9753.6,1830.3162089297525,132.63173733333332,331.20007804428667,1.079045712140169,50,5334.843772857019,0.18095238212305975,16852.77147845532,274.1816219133143,5.417900143011628,866.1397436241598,-331.20007804428667,False,156.7080261598203,703.7997875889652,1.7870839484109349,340
NW300_FL340,300,340,10363.2,1916.7903195598956,138.89829361666668,275.99987326733134,1.219907994888821,27,5510.236426264839,0.14399064438655046,17406.836870570623,449.57427532113434,8.883704580778987,1420.2051357394632,-275.99987326733134,False,332.1006795676403,758.9999923659204,3.177391354190084,340
GC0_FL350,0,350,10668.0,1800.1102504246383,130.44277175,855.6000186936205,1.1601118008966216,54,5148.2767231085245,0.47530423122238663,16263.406168299827,87.61457216481995,1.7312867279330575,276.7744334686662,-855.6000186936205,False,0.0,0.0,,350
NW150_FL350,150,350,10668.0,1830.3162089297525,132.63173733333332,248.4000362412705,1.1601118008966216,23,5226.250887062224,0.13571427441300887,16509.726552229564,165.5887361185196,3.2720764828697537,523.0948173984034,-248.4000362412705,False,77.97416395369964,607.19998245235,0.12841595225147864,350
NW300_FL350,300,350,10668.0,1916.7903195598956,138.89829361666668,96.5999999763208,1.1601118008966216,12,5464.6121130711,0.05039674866393348,17262.709665191604,403.94996212739534,7.982156288620598,1276.0779303604418,-96.5999999763208,False,316.3353899625754,759.0000187172998,1.570231680266817,350
GC0_FL360,0,360,10972.8,1800.1102504246383,130.44277175,400.20014040337315,1.0965041674368918,33,5130.345831114937,0.22231979419536535,16206.762480492085,69.68368017123248,1.3769676396642676,220.1307456609234,-400.20014040337315,False,0.0,0.0,,360
NW150_FL360,150,360,10972.8,1830.3162089297525,132.63173733333332,69.00006138270282,1.0678748972450665,16,5202.942787298631,0.037698437595681616,16436.096265076372,142.28063635492617,2.811502370858602,449.46453024521173,-69.00006138270282,False,72.59695618369369,331.20007902067033,0.2191936559869084,360
NW300_FL360,300,360,10972.8,1916.7903195598956,138.89829361666668,41.40001927172789,1.0678748972450665,6,5431.042717135306,0.021598616629717505,17156.66394343043,370.38056619160125,7.318816296055907,1170.0322085992682,-41.40001927172789,False,300.69688602036877,358.80012113164526,8.264477601864709,360
GC0_FL370,0,370,11277.6,1800.1102504246383,130.44277175,0.0,0.8299056841038145,0,5091.607246389434,0.0,16084.387291344223,30.94509544572975,0.6114831324979707,97.75555651306027,0.0,False,0.0,0.0,,370
GC0_FL380,0,380,11582.4,1800.1102504246383,130.44277175,0.0,0.7028848482384188,0,5060.662150943705,0.0,15986.631734831162,0.0,0.0,0.0,0.0,True,0.0,0.0,,380
