route,offset_km,altitude_m,pressure_hPa,length_km,duration_min,pcr_km,issr_km,sac_fraction,rhi_max,points_rhi_within_0.05,pcr_fraction,extra_km_vs_gc,pcr_km_change_vs_ref
GC0_9400m,0,9400,289.562796459899,1800.1102504246383,130.44277175,1587.0001515630524,1587.0001515630524,1.0,1.194444549817653,45,0.8816127518793284,4.923322194372304e-08,1200.5999994515043
GC0_9500m,0,9500,285.23228847019436,1800.1102504246383,130.44277175,1573.2001456256073,1573.2001456256073,1.0,1.1823671157171725,40,0.8739465514706648,4.923322194372304e-08,1186.7999935140592
GC0_9600m,0,9600,280.954372425279,1800.1102504246383,130.44277175,1518.0001484516224,1518.0001484516224,1.0,1.1559594331213967,56,0.8432817645994365,4.923322194372304e-08,1131.5999963400743
GC0_9700m,0,9700,276.72855829457376,1800.1102504246383,130.44277175,1352.4000398666071,1352.4000398666071,1.0,1.1127144229775259,89,0.7512873389547011,4.923322194372304e-08,965.999887755059
GC0_9800m,0,9800,272.55435922016585,1800.1102504246383,130.44277175,1311.0000768092448,1311.0000768092448,1.0,1.1003410830509075,84,0.7282887681462763,4.923322194372304e-08,924.5999246976967
GC0_9900m,0,9900,268.4312915053384,1800.1102504246383,130.44277175,1449.0000067015865,1449.0000067015865,1.0,1.1148081146393758,69,0.804950700302814,4.923322194372304e-08,1062.5998545900384
GC0_10000m,0,10000,264.35887460311164,1800.1102504246383,130.44277175,1531.8000087629237,1531.8000087629237,1.0,1.1341679135351788,57,0.850947884109642,4.923322194372304e-08,1145.3998566513756
GC0_10100m,0,10100,260.3366311047916,1800.1102504246383,130.44277175,1490.4000040560159,1490.4000040560159,1.0,1.157664843360961,54,0.827949290163998,4.923322194372304e-08,1103.9998519444678
GC0_10200m,0,10200,256.3640867285243,1800.1102504246383,130.44277175,1421.400097299143,1421.400097299143,1.0,1.1799210348082836,60,0.789618356411137,4.923322194372304e-08,1034.999945187595
GC0_10300m,0,10300,252.4407703078641,1800.1102504246383,130.44277175,1269.6000755026093,1269.6000755026093,1.0,1.2041091370054289,68,0.7052901760895568,4.923322194372304e-08,883.1999233910612
GC0_10400m,0,10400,248.56621378034544,1800.1102504246383,130.44277175,1034.9997767778277,1034.9997767778277,1.0,1.2142944548958245,68,0.574964659266662,4.923322194372304e-08,648.5996246662796
GC0_10500m,0,10500,244.73995217606583,1800.1102504246383,130.44277175,1021.1998517886592,1021.1998517886592,1.0,1.1968594628004916,66,0.5672985038265087,4.923322194372304e-08,634.7996996771111
GC0_10600m,0,10600,240.96152360627696,1800.1102504246383,130.44277175,924.5999696399599,924.5999696399599,1.0,1.1761430246371314,63,0.5136351895234477,4.923322194372304e-08,538.1998175284118
GC0_10700m,0,10700,237.2304692519839,1800.1102504246383,130.44277175,786.6000139790192,786.6000139790192,1.0,1.1529815257565883,53,0.43697324305189844,4.923322194372304e-08,400.1998618674711
GC0_10800m,0,10800,233.5463333525542,1800.1102504246383,130.44277175,621.0001881043864,621.0001881043864,1.0,1.1334782862445087,51,0.34497897445886727,4.923322194372304e-08,234.60003599283834
GC0_10900m,0,10900,229.90866319433272,1800.1102504246383,130.44277175,496.8001627020554,496.8001627020554,1.0,1.1087851079808415,50,0.2759831863547593,4.923322194372304e-08,110.40001059050729
GC0_11000m,0,11000,226.31700909926982,1800.1102504246383,130.44277175,386.4001521115481,386.4001521115481,1.0,1.097407734576539,33,0.21465360358922347,4.923322194372304e-08,0.0
GC0_11100m,0,11100,222.77620476095382,1800.1102504246383,130.44277175,82.80001989750922,82.80001989750922,1.0,1.020941324602888,11,0.045997193715205525,4.923322194372304e-08,-303.60013221403887
GC0_11200m,0,11200,219.29079747570123,1800.1102504246383,130.44277175,0.0,0.0,1.0,0.9087759580391995,0,0.0,4.923322194372304e-08,-386.4001521115481
GC0_11300m,0,11300,215.8599205383246,1800.1102504246383,130.44277175,0.0,0.0,1.0,0.8083644923951671,0,0.0,4.923322194372304e-08,-386.4001521115481
GC0_11400m,0,11400,212.48272080352515,1800.1102504246383,130.44277175,0.0,0.0,1.0,0.7184191428951485,0,0.0,4.923322194372304e-08,-386.4001521115481
GC0_11500m,0,11500,209.15835847374416,1800.1102504246383,130.44277175,0.0,0.0,1.0,0.703693358022088,0,0.0,4.923322194372304e-08,-386.4001521115481
GC0_11600m,0,11600,205.88600689033294,1800.1102504246383,130.44277175,0.0,0.0,1.0,0.7026949468941097,0,0.0,4.923322194372304e-08,-386.4001521115481
GC0_11700m,0,11700,202.6648523279903,1800.1102504246383,130.44277175,0.0,0.0,1.0,0.7014971980257059,0,0.0,4.923322194372304e-08,-386.4001521115481
