lambda_kg_per_km,route,extra_fuel_kg,pcr_km
0.0,GC0_FL380,0.0,0.0
0.001,GC0_FL380,0.0,0.0
0.001035261747311038,GC0_FL380,0.0,0.0
0.0010717668854455034,GC0_FL380,0.0,0.0
0.0011095592585364197,GC0_FL380,0.0,0.0
0.0011486842567375536,GC0_FL380,0.0,0.0
0.0011891888707388006,GC0_FL380,0.0,0.0
0.0012311217482038907,GC0_FL380,0.0,0.0
0.0012745332521981784,GC0_FL380,0.0,0.0
0.001319475521676706,GC0_FL380,0.0,0.0
0.0013660025341051699,GC0_FL380,0.0,0.0
0.001414170170289024,GC0_FL380,0.0,0.0
0.001464036281488563,GC0_FL380,0.0,0.0
0.0015156607589006028,GC0_FL380,0.0,0.0
0.0015691056055902118,GC0_FL380,0.0,0.0
0.001624435010958867,GC0_FL380,0.0,0.0
0.001681715427838502,GC0_FL380,0.0,0.0
0.0017410156523040153,GC0_FL380,0.0,0.0
0.0018024069063001214,GC0_FL380,0.0,0.0
0.001865962923181746,GC0_FL380,0.0,0.0
0.0019317600362707464,GC0_FL380,0.0,0.0
0.001999877270535287,GC0_FL380,0.0,0.0
0.0020703964375019886,GC0_FL380,0.0,0.0
0.0021434022335148567,GC0_FL380,0.0,0.0
0.0022189823414589718,GC0_FL380,0.0,0.0
0.0022972275360711512,GC0_FL380,0.0,0.0
0.0023782317929640505,GC0_FL380,0.0,0.0
0.0024620924014946257,GC0_FL380,0.0,0.0
0.0025489100816125554,GC0_FL380,0.0,0.0
0.0026387891048289345,GC0_FL380,0.0,0.0
0.00273183741945053,GC0_FL380,0.0,0.0
0.0028281667802300325,GC0_FL380,0.0,0.0
0.0029278928825879754,GC0_FL380,0.0,0.0
0.003031135501567579,GC0_FL380,0.0,0.0
0.003138018635689368,GC0_FL380,0.0,0.0
0.003248670655878375,GC0_FL380,0.0,0.0
0.003363224459642742,GC0_FL380,0.0,0.0
0.0034818176306889667,GC0_FL380,0.0,0.0
0.0036045926041654375,GC0_FL380,0.0,0.0
0.0037316968377327556,GC0_FL380,0.0,0.0
0.0038632829886662834,GC0_FL380,0.0,0.0
0.003999509097203665,GC0_FL380,0.0,0.0
0.004140538776357458,GC0_FL380,0.0,0.0
0.004286541408420925,GC0_FL380,0.0,0.0
0.0044376923484029645,GC0_FL380,0.0,0.0
0.0045941731346364765,GC0_FL380,0.0,0.0
0.004756171706813187,GC0_FL380,0.0,0.0
0.004923882631706742,GC0_FL380,0.0,0.0
0.005097507336855188,GC0_FL380,0.0,0.0
0.0052772543524835375,GC0_FL380,0.0,0.0
0.0054633395619568875,GC0_FL380,0.0,0.0
0.005655986461065008,GC0_FL380,0.0,0.0
0.005855426426449728,GC0_FL380,0.0,0.0
0.006061898993497572,GC0_FL380,0.0,0.0
0.006275652144031319,GC0_FL380,0.0,0.0
0.006496942604146125,GC0_FL380,0.0,0.0
0.006726036152547842,GC0_FL380,0.0,0.0
0.006963207939763883,GC0_FL380,0.0,0.0
0.00720874281861005,GC0_FL380,0.0,0.0
0.007462935686310138,GC0_FL380,0.0,0.0
0.007726091838679333,GC0_FL380,0.0,0.0
0.007998527336796709,GC0_FL380,0.0,0.0
0.008280569386607263,GC0_FL380,0.0,0.0
0.008572556731909325,GC0_FL380,0.0,0.0
0.008874840061199448,GC0_FL380,0.0,0.0
0.00918778242886334,GC0_FL380,0.0,0.0
0.009511759691218704,GC0_FL380,0.0,0.0
0.009847160957933775,GC0_FL380,0.0,0.0
0.010194389059363554,GC0_FL380,0.0,0.0
0.010553861030365236,GC0_FL380,0.0,0.0
0.010926008611173784,GC0_FL380,0.0,0.0
0.011311278765939214,GC0_FL380,0.0,0.0
0.011710134219548472,GC0_FL380,0.0,0.0
0.012123054013376522,GC0_FL380,0.0,0.0
0.012550534080634269,GC0_FL380,0.0,0.0
0.012993087842004158,GC0_FL380,0.0,0.0
0.013451246822279028,GC0_FL380,0.0,0.0
0.013925561288744634,GC0_FL380,0.0,0.0
0.01441660091207271,GC0_FL380,0.0,0.0
0.014924955450518298,GC0_FL380,0.0,0.0
0.015451235458242965,GC0_FL380,0.0,0.0
0.01599607301861488,GC0_FL380,0.0,0.0
0.01656012250336618,GC0_FL380,0.0,0.0
0.017144061358519713,GC0_FL380,0.0,0.0
0.017748590918028755,GC0_FL380,0.0,0.0
0.018374437246107267,GC0_FL380,0.0,0.0
0.019022352009262018,GC0_FL380,0.0,0.0
0.01969311337907423,GC0_FL380,0.0,0.0
0.020387526966814763,GC0_FL380,0.0,0.0
0.02110642679101555,GC0_FL380,0.0,0.0
0.021850676279159258,GC0_FL380,0.0,0.0
0.022621169304690252,GC0_FL380,0.0,0.0
0.023418831260592448,GC0_FL380,0.0,0.0
0.024244620170823284,GC0_FL380,0.0,0.0
0.025099527840938947,GC0_FL380,0.0,0.0
0.025984581049292486,GC0_FL380,0.0,0.0
0.02690084278023582,GC0_FL380,0.0,0.0
0.02784941350080644,GC0_FL380,0.0,0.0
0.028831432482432487,GC0_FL380,0.0,0.0
0.029848079169243275,GC0_FL380,0.0,0.0
0.03090057459462897,GC0_FL380,0.0,0.0
0.03199018284775065,GC0_FL380,0.0,0.0
0.033118212591761925,GC0_FL380,0.0,0.0
0.034286018635565865,GC0_FL380,0.0,0.0
0.03549500356099471,GC0_FL380,0.0,0.0
0.0367466194073669,GC0_FL380,0.0,0.0
0.03804236941544433,GC0_FL380,0.0,0.0
0.03938380983288489,GC0_FL380,0.0,0.0
0.04077255178335805,GC0_FL380,0.0,0.0
0.04221026320156901,GC0_FL380,0.0,0.0
0.04369867083651514,GC0_FL380,0.0,0.0
0.04523956232538053,GC0_FL380,0.0,0.0
0.046834788340560055,GC0_FL380,0.0,0.0
0.04848626481239081,GC0_FL380,0.0,0.0
0.050195975230261404,GC0_FL380,0.0,0.0
0.05196597302486197,GC0_FL380,0.0,0.0
0.05379838403443687,GC0_FL380,0.0,0.0
0.055695409058001334,GC0_FL380,0.0,0.0
0.057659326498589465,GC0_FL380,0.0,0.0
0.059692495099707366,GC0_FL380,0.0,0.0
0.061797356778278585,GC0_FL380,0.0,0.0
0.0639764395574843,GC0_FL380,0.0,0.0
0.06623236060302018,GC0_FL380,0.0,0.0
0.06856782936641742,GC0_FL380,0.0,0.0
0.07098565083920236,GC0_FL380,0.0,0.0
0.07348872892180387,GC0_FL380,0.0,0.0
0.07608006991125385,GC0_FL380,0.0,0.0
0.07876278611187058,GC0_FL380,0.0,0.0
0.08154009957326065,GC0_FL380,0.0,0.0
0.08441534596012985,GC0_FL380,0.0,0.0
0.0873919785585498,GC0_FL380,0.0,0.0
0.09047357242349298,GC0_FL380,0.0,0.0
0.09366382867261708,GC0_FL380,0.0,0.0
0.0969665789314552,GC0_FL380,0.0,0.0
0.100385789935352,GC0_FL380,0.0,0.0
0.1039255682936713,GC0_FL380,0.0,0.0
0.10759016542199866,GC0_FL380,0.0,0.0
0.11138398264826195,GC0_FL380,0.0,0.0
0.11531157649890199,GC0_FL380,0.0,0.0
0.1193776641714437,GC0_FL380,0.0,0.0
0.1235871292000391,GC0_FL380,0.0,0.0
0.12794502732078733,GC0_FL380,0.0,0.0
0.1324565925438768,GC0_FL380,0.0,0.0
0.1371272434398401,GC0_FL380,0.0,0.0
0.1419625896474749,GC0_FL380,0.0,0.0
0.1469684386112446,GC0_FL380,0.0,0.0
0.1521508025562521,GC0_FL380,0.0,0.0
0.1575159057091623,GC0_FL380,0.0,0.0
0.16307019177374804,GC0_FL380,0.0,0.0
0.16882033167003627,GC0_FL380,0.0,0.0
0.17477323154635072,GC0_FL380,0.0,0.0
0.18093604107387165,GC0_FL380,0.0,0.0
0.1873161620336781,GC0_FL380,0.0,0.0
0.1939212572065831,GC0_FL380,0.0,0.0
0.20075925957644022,GC0_FL380,0.0,0.0
0.20783838185797573,GC0_FL380,0.0,0.0
0.21516712636058669,GC0_FL380,0.0,0.0
0.22275429519995588,GC0_FL380,0.0,0.0
0.23060900086974484,GC0_FL380,0.0,0.0
0.2387406771860647,GC0_FL380,0.0,0.0
0.24715909061786578,GC0_FL380,0.0,0.0
0.25587435201685893,GC0_FL380,0.0,0.0
0.264896928761053,GC0_FL380,0.0,0.0
0.27423765732649497,GC0_FL380,0.0,0.0
0.28390775630231285,GC0_FL380,0.0,0.0
0.29391883986468875,GC0_FL380,0.0,0.0
0.30428293172595083,GC0_FL380,0.0,0.0
0.3150124795755328,GC0_FL380,0.0,0.0
0.3261203700301487,GC0_FL380,0.0,0.0
0.337619944111134,GC0_FL380,0.0,0.0
0.3495250132675476,GC0_FL380,0.0,0.0
0.36184987596427465,GC0_FL380,0.0,0.0
0.3746093348550573,GC0_FL380,0.0,0.0
0.38781871456107236,GC0_FL380,0.0,0.0
0.40149388007641645,GC0_FL380,0.0,0.0
0.4156512558225992,GC0_FL380,0.0,0.0
0.4303078453749309,GC0_FL380,0.0,0.0
0.4454812518844989,GC0_FL380,0.0,0.0
0.46118969922025493,GC0_FL380,0.0,0.0
0.47745205385661316,GC0_FL380,0.0,0.0
0.4942878475328406,GC0_FL380,0.0,0.0
0.5117173007114605,GC0_FL380,0.0,0.0
0.5297613468638345,GC0_FL380,0.0,0.0
0.5484416576121021,GC0_FL380,0.0,0.0
0.5677806687576668,GC0_FL380,0.0,0.0
0.5878016072274912,GC0_FL380,0.0,0.0
0.6085285189705689,GC0_FL380,0.0,0.0
0.6299862978380694,GC0_FL380,0.0,0.0
0.6522007154818517,GC0_FL380,0.0,0.0
0.6751984523072502,GC0_FL380,0.0,0.0
0.6990071295173123,GC0_FL380,0.0,0.0
0.7236553422869657,GC0_FL380,0.0,0.0
0.7491726941069714,GC0_FL380,0.0,0.0
0.7755898323389001,GC0_FL380,0.0,0.0
0.8029384850238448,GC0_FL380,0.0,0.0
0.8312514989890631,GC0_FL380,0.0,0.0
0.8605628792983371,GC0_FL380,0.0,0.0
0.8909078300934142,GC0_FL380,0.0,0.0
0.9223227968755924,GC0_FL380,0.0,0.0
0.9548455102782294,GC0_FL380,0.0,0.0
0.9885150313827393,GC0_FL380,0.0,0.0
1.0233717986325201,GC0_FL380,0.0,0.0
1.0594576764011414,GC0_FL380,0.0,0.0
1.096816005273138,GC0_FL380,0.0,0.0
1.1354916540977815,GC0_FL380,0.0,0.0
1.17553107387837,GC0_FL380,0.0,0.0
1.2169823535617421,GC0_FL380,0.0,0.0
1.2598952777950272,GC0_FL380,0.0,0.0
1.3043213867190053,GC0_FL380,0.0,0.0
1.3503140378698735,GC0_FL380,0.0,0.0
1.3979284702637884,GC0_FL380,0.0,0.0
1.4472218707411344,GC0_FL380,0.0,0.0
1.4982534426502159,GC0_FL380,0.0,0.0
1.5510844769528405,GC0_FL380,0.0,0.0
1.605778425837225,GC0_FL380,0.0,0.0
1.6624009789266136,GC0_FL380,0.0,0.0
1.721020142175144,GC0_FL380,0.0,0.0
1.7817063195457308,GC0_FL380,0.0,0.0
1.8445323975680317,GC0_FL380,0.0,0.0
1.9095738328780987,GC0_FL380,0.0,0.0
1.9769087428448142,GC0_FL380,0.0,0.0
2.04661799939199,GC0_FL380,0.0,0.0
2.1187853261287724,GC0_FL380,0.0,0.0
2.19349739890506,GC0_FL380,0.0,0.0
2.270843949912667,GC0_FL380,0.0,0.0
2.3509178754572866,GC0_FL380,0.0,0.0
2.433815347530664,GC0_FL380,0.0,0.0
2.5196359293170163,GC0_FL380,0.0,0.0
2.608482694772405,GC0_FL380,0.0,0.0
2.700462352420682,GC0_FL380,0.0,0.0
2.7956853735147114,GC0_FL380,0.0,0.0
2.8942661247167516,GC0_FL380,0.0,0.0
2.996323005457411,GC0_FL380,0.0,0.0
3.101978590138097,GC0_FL380,0.0,0.0
3.211359775347796,GC0_FL380,0.0,0.0
3.3245979322709416,GC0_FL380,0.0,0.0
3.441829064469479,GC0_FL380,0.0,0.0
3.563193971228588,GC0_FL380,0.0,0.0
3.6888384166622603,GC0_FL380,0.0,0.0
3.818913304781854,GC0_FL380,0.0,0.0
3.9535748607378327,GC0_FL380,0.0,0.0
4.092984818452442,GC0_FL380,0.0,0.0
4.237310614868623,GC0_FL380,0.0,0.0
4.386725591048498,GC0_FL380,0.0,0.0
4.5414092003629145,GC0_FL380,0.0,0.0
4.701547224022135,GC0_FL380,0.0,0.0
4.86733199420651,GC0_FL380,0.0,0.0
5.0389626250651505,GC0_FL380,0.0,0.0
5.216645251859962,GC0_FL380,0.0,0.0
5.400593278542374,GC0_FL380,0.0,0.0
5.591027634060025,GC0_FL380,0.0,0.0
5.788177037701274,GC0_FL380,0.0,0.0
5.9922782737962486,GC0_FL380,0.0,0.0
6.203576476104275,GC0_FL380,0.0,0.0
6.422325422229362,GC0_FL380,0.0,0.0
6.648787838417263,GC0_FL380,0.0,0.0
6.883235715100235,GC0_FL380,0.0,0.0
7.125950633568411,GC0_FL380,0.0,0.0
7.377224104160231,GC0_FL380,0.0,0.0
7.637357916378027,GC0_FL380,0.0,0.0
7.906664501349296,GC0_FL380,0.0,0.0
8.185467307069029,GC0_FL380,0.0,0.0
8.474101186873659,GC0_FL380,0.0,0.0
8.772912801613366,GC0_FL380,0.0,0.0
9.082261036005617,GC0_FL380,0.0,0.0
9.402517429670132,GC0_FL380,0.0,0.0
9.734066623362791,GC0_FL380,0.0,0.0
10.077306820944617,GC0_FL380,0.0,0.0
10.432650267640566,GC0_FL380,0.0,0.0
10.80052374516254,GC0_FL380,0.0,0.0
11.181369084291326,GC0_FL380,0.0,0.0
11.575643695533035,GC0_FL380,0.0,0.0
11.98382111848753,GC0_FL380,0.0,0.0
12.406391590588319,GC0_FL380,0.0,0.0
12.84386263589743,GC0_FL380,0.0,0.0
13.296759674662127,GC0_FL380,0.0,0.0
13.765626654365661,GC0_FL380,0.0,0.0
14.251026703029993,GC0_FL380,0.0,0.0
14.75354280555509,GC0_FL380,0.0,0.0
15.273778503907156,GC0_FL380,0.0,0.0
15.81235862199666,GC0_FL380,0.0,0.0
16.36993001611702,GC0_FL380,0.0,0.0
16.947162351844714,GC0_FL380,0.0,0.0
17.544748908334597,GC0_FL380,0.0,0.0
18.1634074109759,GC0_FL380,0.0,0.0
18.803880893409165,GC0_FL380,0.0,0.0
19.466938589939414,GC0_FL380,0.0,0.0
20.153376859417353,GC0_FL380,0.0,0.0
20.8640201416982,GC0_FL380,0.0,0.0
21.59972194782717,GC0_FL380,0.0,0.0
22.361365885140135,GC0_FL380,0.0,0.0
23.14986671851161,GC0_FL380,0.0,0.0
23.966171469023973,GC0_FL380,0.0,0.0
24.811260551377703,GC0_FL380,0.0,0.0
25.686148951408708,GC0_FL380,0.0,0.0
26.591887445126964,GC0_FL380,0.0,0.0
27.529563860740595,GC0_FL380,0.0,0.0
28.500304385181053,GC0_FL380,0.0,0.0
29.505274916698973,GC0_FL380,0.0,0.0
30.545682465154318,GC0_FL380,0.0,0.0
31.622776601683793,GC0_FL380,0.0,0.0
