route,offset_km,flight_level,altitude_m,length_km,duration_min,pcr_km,rhi_max,points_rhi_within_0.05,fuel_kg,pcr_fraction,co2_kg,extra_fuel_kg,extra_fuel_pct,extra_co2_kg,pcr_km_avoided,pareto
SE300_FL310,-300,310,9448.8,1916.7910547476372,138.89829361666668,1048.796998079396,1.1647067516797869,63,5629.580144807627,0.5471629239304227,17783.843677447294,568.9179938639227,11.24196749150369,1797.2119426161316,-1048.796998079396,False
SE150_FL310,-150,310,9448.8,1830.3165843910106,132.63173733333332,1421.3990828631042,1.2542109251287632,49,5371.136639200441,0.7765864632298227,16967.420643234193,310.47448825673655,6.135056619000732,980.7889084030307,-1421.3990828631042,False
GC0_FL310,0,310,9448.8,1800.1102504246383,130.44277175,1587.0001515630524,1.1901929862121028,39,5283.575963884543,0.8816127518793284,16690.81646991127,222.9138129408384,4.404834906816883,704.1847350801085,-1587.0001515630524,False
NW150_FL310,150,310,9448.8,1830.3162089297525,132.63173733333332,786.5992601732299,1.0907993113340495,65,5378.822247220953,0.4297614020657015,16991.69947897099,318.16009627724816,6.286926231934257,1005.0677441398269,-786.5992601732299,False
NW300_FL310,300,310,9448.8,1916.7903195598956,138.89829361666668,869.3983161484741,1.1050507408522638,42,5646.423118631059,0.45356985961202695,17837.050631755515,585.7609676873544,11.574789033844565,1850.4188969243526,-869.3983161484741,False
SE300_FL320,-300,320,9753.6,1916.7910547476372,138.89829361666668,731.3979449572591,1.119059602492243,68,5584.6189616039155,0.38157416435436897,17641.81129970677,523.956810660211,10.353522820378442,1655.1795648756063,-731.3979449572591,False
SE150_FL320,-150,320,9753.6,1830.3165843910106,132.63173733333332,1090.1993882915747,1.153507009039215,60,5329.353383308809,0.595634327738067,16835.427337872527,268.69123236510404,5.3094086179018865,848.7956030413636,-1090.1993882915747,False
GC0_FL320,0,320,9753.6,1800.1102504246383,130.44277175,1173.0001470627399,1.0917832754018562,95,5242.809404783669,0.6516268360707541,16562.034909711612,182.14725383996483,3.5992770986697518,575.4031748804489,-1173.0001470627399,False
NW150_FL320,150,320,9753.6,1830.3162089297525,132.63173733333332,331.20007804428667,1.079045712140169,50,5334.843772857019,0.18095238212305975,16852.77147845532,274.1816219133143,5.417900143011628,866.1397436241598,-331.20007804428667,False
NW300_FL320,300,320,9753.6,1916.7903195598956,138.89829361666668,565.7994208563714,1.1210139238903638,50,5598.013671677105,0.29518065439013785,17684.125188827973,537.3515207334003,10.618205774380648,1697.4934539968115,-565.7994208563714,False
SE300_FL330,-300,330,10058.4,1916.7910547476372,138.89829361666668,1007.3970513473711,1.1949470070820634,37,5546.997463052931,0.5255643534292286,17522.96498578421,486.33531210922683,9.610112226490672,1536.3332509530476,-1007.3970513473711,False
SE150_FL330,-150,330,10058.4,1830.3165843910106,132.63173733333332,1310.9990883231453,1.1893967291039356,35,5294.03643759762,0.7162690320917053,16723.861106370878,233.37428665391508,4.61153658736922,737.2293715397177,-1310.9990883231453,False
GC0_FL330,0,330,10058.4,1800.1102504246383,130.44277175,1518.0000259514138,1.1483754230334897,54,5207.382146749438,0.8432816965479332,16450.120201581474,146.71999580573356,2.899225267949836,463.4884667503123,-1518.0000259514138,False
NW150_FL330,150,330,10058.4,1830.3162089297525,132.63173733333332,413.9999486864926,1.131286620174053,32,5294.666134162309,0.22619039631877177,16725.850317818735,234.00398321860484,4.6239795552241745,739.2185829875726,-413.9999486864926,False
NW300_FL330,300,330,10058.4,1916.7903195598956,138.89829361666668,482.99954871172446,1.1281742800272512,25,5550.500717981255,0.2519835079418721,17534.03176810278,489.8385670375501,9.679337454807287,1547.4000332716207,-482.99954871172446,False
SE300_FL340,-300,340,10363.2,1916.7910547476372,138.89829361666668,814.1978440462282,1.219907994888821,28,5515.7498504311225,0.42477130829130705,17424.253777511916,455.0876994874179,8.99265127593143,1437.622042680753,-814.1978440462282,False
SE150_FL340,-150,340,10363.2,1830.3165843910106,132.63173733333332,1034.9994123776592,1.219907994888821,49,5264.883876223121,0.5654756238369701,16631.768164988836,204.2217252794162,4.035474394221975,645.1364301576757,-1034.9994123776592,False
GC0_FL340,0,340,10363.2,1800.1102504246383,130.44277175,1034.9998656332518,1.219907994888821,68,5178.135746697199,0.5749647086277632,16357.73082381645,117.47359575349401,2.3213087981300573,371.09908898528755,-1034.9998656332518,False
NW150_FL340,150,340,10363.2,1830.3162089297525,132.63173733333332,372.59992480518866,1.219907994888821,25,5260.8587712439385,0.2035713408357239,16619.052858359602,200.19662030023392,3.955937273206463,632.4211235284389,-372.59992480518866,False
NW300_FL340,300,340,10363.2,1916.7903195598956,138.89829361666668,275.99987326733134,1.219907994888821,27,5510.236426264839,0.14399064438655046,17406.836870570623,449.57427532113434,8.883704580778987,1420.2051357394632,-275.99987326733134,False
SE300_FL350,-300,350,10668.0,1916.7910547476372,138.89829361666668,993.5972078388597,1.2201680879011922,15,5489.295630748358,0.5183649023078709,17340.68489753406,428.6334798046537,8.469909016248453,1354.0531627029009,-993.5972078388597,False
SE150_FL350,-150,350,10668.0,1830.3165843910106,132.63173733333332,1255.7989481418742,1.1904282064484781,41,5237.903248148334,0.6861102384425524,16546.536360900584,177.2410972046291,3.502330167833422,559.9046260694233,-1255.7989481418742,False
GC0_FL350,0,350,10668.0,1800.1102504246383,130.44277175,855.6000186936205,1.1601118008966216,54,5148.2767231085245,0.47530423122238663,16263.406168299827,87.61457216481995,1.7312867279330575,276.7744334686662,-855.6000186936205,False
NW150_FL350,150,350,10668.0,1830.3162089297525,132.63173733333332,248.4000362412705,1.1601118008966216,23,5226.250887062224,0.13571427441300887,16509.726552229564,165.5887361185196,3.2720764828697537,523.0948173984034,-248.4000362412705,False
NW300_FL350,300,350,10668.0,1916.7903195598956,138.89829361666668,96.5999999763208,1.1601118008966216,12,5464.6121130711,0.05039674866393348,17262.709665191604,403.94996212739534,7.982156288620598,1276.0779303604418,-96.5999999763208,False
SE300_FL360,-300,360,10972.8,1916.7910547476372,138.89829361666668,910.797459485477,1.2064465529050892,15,5476.3305178751,0.475167837010483,17299.72810596744,415.6683669313952,8.21371501462278,1313.0963711362774,-910.797459485477,False
SE150_FL360,-150,360,10972.8,1830.3165843910106,132.63173733333332,1062.5990471877608,1.1675102930195838,51,5223.580833373826,0.580554782844473,16501.291852627914,162.9186824301214,3.2193155277069936,514.6601177967535,-1062.5990471877608,False
GC0_FL360,0,360,10972.8,1800.1102504246383,130.44277175,400.20014040337315,1.0965041674368918,33,5130.345831114937,0.22231979419536535,16206.762480492085,69.68368017123248,1.3769676396642676,220.1307456609234,-400.20014040337315,False
NW150_FL360,150,360,10972.8,1830.3162089297525,132.63173733333332,69.00006138270282,1.0678748972450665,16,5202.942787298631,0.037698437595681616,16436.096265076372,142.28063635492617,2.811502370858602,449.46453024521173,-69.00006138270282,False
NW300_FL360,300,360,10972.8,1916.7903195598956,138.89829361666668,41.40001927172789,1.0678748972450665,6,5431.042717135306,0.021598616629717505,17156.66394343043,370.38056619160125,7.318816296055907,1170.0322085992682,-41.40001927172789,False
SE300_FL370,-300,370,11277.6,1916.7910547476372,138.89829361666668,0.0,0.8575538578331389,0,5446.8856908906255,0.0,17206.711897523484,386.22353994692094,7.631877577026132,1220.0801626923233,0.0,False
SE150_FL370,-150,370,11277.6,1830.3165843910106,132.63173733333332,0.0,0.8258005433630442,0,5189.44426063545,0.0,16393.454419347385,128.78210969174506,2.5447679740432774,406.82268451622264,0.0,False
GC0_FL370,0,370,11277.6,1800.1102504246383,130.44277175,0.0,0.8299056841038145,0,5091.607246389434,0.0,16084.387291344223,30.94509544572975,0.6114831324979707,97.75555651306027,0.0,False
NW150_FL370,150,370,11277.6,1830.3162089297525,132.63173733333332,0.0,0.7582343051382153,0,5163.654897489663,0.0,16311.985821169845,102.99274654595865,2.03516345241013,325.3540863386834,0.0,False
NW300_FL370,300,370,11277.6,1916.7903195598956,138.89829361666668,0.0,0.7545088751774606,0,5395.301385773782,0.0,17043.75707765938,334.63923483007784,6.612558294721864,1057.125342828216,0.0,False
SE300_FL380,-300,380,11582.4,1916.7910547476372,138.89829361666668,0.0,0.7063370671320509,0,5425.260816588807,0.0,17138.39891960404,364.5986656451023,7.2045644378199105,1151.7671847728782,0.0,False
SE150_FL380,-150,380,11582.4,1830.3165843910106,132.63173733333332,0.0,0.7037771073577069,0,5162.484640282788,0.0,16308.288978653327,101.8224893390834,2.012038865706451,321.65724382216445,0.0,False
GC0_FL380,0,380,11582.4,1800.1102504246383,130.44277175,0.0,0.7028848482384188,0,5060.662150943705,0.0,15986.631734831162,0.0,0.0,0.0,0.0,True
NW150_FL380,150,380,11582.4,1830.3162089297525,132.63173733333332,0.0,0.7037771073577069,0,5133.605302309608,0.0,16217.059149996052,72.94315136590376,1.441375638014117,230.42741516488996,0.0,False
NW300_FL380,300,380,11582.4,1916.7903195598956,138.89829361666668,0.0,0.7063370671320509,0,5371.384142494728,0.0,16968.202506140842,310.72199155102317,6.139947348452814,981.5707713096821,0.0,False
