route,offset_km,altitude_m,length_km,duration_min,pcr_km,issr_km,sac_fraction,rhi_max,points_rhi_within_0.05,pcr_fraction,extra_km_vs_ref,pcr_km_change_vs_ref
SE300_10000m,-300,10000,1994.1800624233992,144.50640796666667,703.7974945596836,703.7974945596836,1.0,1.193998871410694,31,0.35292575019750405,183.79569091388134,-96.60243997411226
SE150_10000m,-150,10000,1875.2840912031902,135.89041148333334,1200.5975940627,1200.5975940627,1.0,1.1842751460033307,35,0.6402217134431036,64.8997196936723,400.19765952890407
DIR0_10000m,0,10000,1810.384371509518,131.18731211666667,1504.199739164461,1504.199739164461,1.0,1.1624166506044213,40,0.8308731354713603,0.0,703.7998046306652
NW150_10000m,150,10000,1805.734164044621,130.85033668333332,1228.199941071883,1228.199941071883,1.0,1.1271321285415787,59,0.6801665303384786,-4.650207464896994,427.800006538087
NW300_10000m,300,10000,1859.5941340117888,134.75343941666668,400.199793665312,400.199793665312,1.0,1.1126620844014001,25,0.2152081394244573,49.209762502270905,-400.2001408684839
SE300_11000m,-300,11000,1994.1800624233992,144.50640796666667,786.5976646659566,786.5976646659566,1.0,1.2277198065034147,22,0.39444665980165045,183.79569091388134,-13.8022698678393
SE150_11000m,-150,11000,1875.2840912031902,135.89041148333334,896.9985137403326,896.9985137403326,1.0,1.1997124377614716,25,0.4783267335056495,64.8997196936723,96.59857920653667
DIR0_11000m,0,11000,1810.384371509518,131.18731211666667,800.3999345337959,800.3999345337959,1.0,1.1263063386084016,52,0.4421160208461222,0.0,0.0
NW150_11000m,150,11000,1805.734164044621,130.85033668333332,276.00019257833696,276.00019257833696,1.0,1.0676006638686604,18,0.15284652529369588,-4.650207464896994,-524.3997419554589
NW300_11000m,300,11000,1859.5941340117888,134.75343941666668,55.2000920364726,55.2000920364726,1.0,1.057954685043981,6,0.029683946097091022,49.209762502270905,-745.1998424973233
SE300_11500m,-300,11500,1994.1800624233992,144.50640796666667,0.0,0.0,1.0,0.7144149984804152,0,0.0,183.79569091388134,-800.3999345337959
SE150_11500m,-150,11500,1875.2840912031902,135.89041148333334,0.0,0.0,1.0,0.7059948264896057,0,0.0,64.8997196936723,-800.3999345337959
DIR0_11500m,0,11500,1810.384371509518,131.18731211666667,0.0,0.0,1.0,0.704009641153326,0,0.0,0.0,-800.3999345337959
NW150_11500m,150,11500,1805.734164044621,130.85033668333332,0.0,0.0,1.0,0.7038662347280327,0,0.0,-4.650207464896994,-800.3999345337959
NW300_11500m,300,11500,1859.5941340117888,134.75343941666668,0.0,0.0,1.0,0.7055135213112406,0,0.0,49.209762502270905,-800.3999345337959
